team,login,email,bio
3amigos,aregmi001,,
3amigos,pnp2484,,
AdesaUKIT,jaronhilger,,
AdesaUKIT,bcconradt,,
Alchemist,prasannak2019,,
Alchemist,Naveen1997nvn,,
Alchemist,Saritha57,,
Alchemist,khushisahay31,,
Alchemist,nirankarjaiswar,,
Alchemist,nitesh-kumar08,,
Audit,Alteryx-Owner-WKR,,
Automation,basava23,,
Automation,vkamath19,,
Automation,Chandan-Kumar1,,
AutoTest,basava23,,
Bifrost,jaronhilger,,
Bifrost,rch317,,"DumpOps engineer by day, rock guitarist by night. Couch potato, always."
bots,svc-traderevazusr,,
bots,svc-autoniq-ado,,
bots,svc-daas-azusr,,
bots,svc-kar-ec-azusr,,
bots,svc-argocd-usr,,
bots,svc-kar-tso-azusr,,
Developers,crgee,,
Developers,mdaize,,Welcome!
Developers,aurelienecoto,,
Developers,flaviohmarques,flaviohenriquemarques@gmail.com,
Developers,eric-marunde,,
Developers,rafaeltanajura,,
Developers,arthursouzakar,,
Flexing,jmhublar,,
Flexing,mwkeck,,Senior SRE Manager for KAR Global
Flexing,dorseytc,,"Long time listener, first time caller"
Flexing,rodneypoling,,
Flexing,gheintz,,
Flexing,jlardizabal-adesa,,
Flexing,ryanmcadams,,"Husband. Father. Technologist. Iraq Veteran, USMC. Giver of damns. Currently @KAR-AUTO "
GeeksClub,Sijo-Cyriac,,
GeeksClub,SameepPanigrahi,,
GeeksClub,Nikunj-kumbhani,,
GeeksClub,OhDannyB0y,,
Guardians,NeelPrime,,
Guardians,adesawcen,,
Guardians,jonsun2008,,
Guardians,bowu2019,,
Guardians,sasamik,,
Guardians,OhDannyB0y,,
Guardians,anishagb,,
Guardians,chuanbaolu,,
Guardians-Dev,NeelPrime,,
Guardians-Dev,adesawcen,,
Guardians-Dev,jonsun2008,,
Guardians-Dev,bowu2019,,
Guardians-Dev,sasamik,,
Guardians-Dev,anishagb,,
Guardians-Dev,chuanbaolu,,
guardians-of-catalog,mdaize,,Welcome!
guardians-of-catalog,mwkeck,,Senior SRE Manager for KAR Global
guardians-of-catalog,gheintz,,
guardians-of-catalog,tr-fernandocunha,,
guardians-of-catalog,tr-fteixeira,,
guardians-of-catalog,tr-srij,,
guardians-of-catalog,reevesbr,,
guardians-of-firefighter,mdaize,,Welcome!
guardians-of-firefighter,mwkeck,,Senior SRE Manager for KAR Global
guardians-of-firefighter,tr-fernandocunha,,
guardians-of-firefighter,tr-srij,,
guardians-of-firefighter,reevesbr,,
guardians-of-globaldns,mdaize,,Welcome!
guardians-of-globaldns,mwkeck,,Senior SRE Manager for KAR Global
guardians-of-globaldns,primuse,,Site Reliability Engineer
guardians-of-globaldns,tr-fteixeira,,
guardians-of-globaldns,tr-srij,,
guardians-of-pulsar,jmhublar,,
guardians-of-pulsar,tr-srij,,
HCL-CW-RO,mwkeck,,Senior SRE Manager for KAR Global
HCL-CW-RO,Brian-Baker,,
Heimdall,rch317,,"DumpOps engineer by day, rock guitarist by night. Couch potato, always."
HTL,brizogirl,,
HTL,zbeadle-avl,,
HTL,saidel-perez,,
HTL,henrycarmenateg,,
HTL,arpadszabohtl,,
IAM,jeremym0123,,
IAM,johnwilson5607,john.wilson@karglobal.com,
ihs,karthik-mangu,,
Infrastructure,jmhublar,,
Infrastructure,mwkeck,,Senior SRE Manager for KAR Global
Infrastructure,oska721,oscar.reyes@karglobal.com,
Infrastructure,MJtheDBA,,
Infrastructure,dorseytc,,"Long time listener, first time caller"
Infrastructure,bcconradt,,
Infrastructure,gheintz,,
Infrastructure,MordecuS44,,
Infrastructure,kamalbabu-subramani,,
Infrastructure,ravi-abburi,,
Infrastructure,miholic,,
Infrastructure,prasanakorumilli,,
Infrastructure,karthik-mangu,,
Infrastructure,SPorterfield,,
Infrastructure,MaRita1,,
Infrastructure,shiva-karnakoti,,
Infrastructure,SteveHumphrey,,
Infrastructure,SVC-Infra-Tower,,
Infrastructure,aj-0x616a,,
Infrastructure,MichaelDep,,
Infrastructure,saroj-priyadarshi,,"SRE, IaC, K8s"
Infrastructure,abhilashkar,,
Infrastructure,roneillatkar,,
Infrastructure,JieSun2014,,
Infrastructure,Jeff-Garner,,
Infrastructure,DeeptiGrover,,
Infrastructure,ramanvirivada,,
Infrastructure,SaiKiranKar,,
Infrastructure,garychaney,,
Infrastructure,venkatakoorapati,,
Infrastructure,Yugandhar-5140,,
Infrastructure,DeepakSarabudla,,
Infrastructure,venkatkar,,
Infrastructure,surya-kantamraju,,
Infrastructure,dputnam89,,
Infrastructure,sid1123,,
Infrastructure,svc-kar-tso-azusr,,
JBoss,prasanakorumilli,,
JBoss,karthik-mangu,,
JBoss,saroj-priyadarshi,,"SRE, IaC, K8s"
JBoss,abhilashkar,,
JBoss,DeeptiGrover,,
JBoss,venkatakoorapati,,
JBoss,sid1123,,
KAR-API-Mgmt,mwkeck,,Senior SRE Manager for KAR Global
KAR-Auto-Common,jmhublar,,
KAR-Auto-Common,mwkeck,,Senior SRE Manager for KAR Global
KAR-Auto-Common,dorseytc,,"Long time listener, first time caller"
KAR-Auto-Common,bcconradt,,
KAR-Auto-Common,jeremym0123,,
KAR-IT-ECS,rch317,,"DumpOps engineer by day, rock guitarist by night. Couch potato, always."
kar-it-nightriders,shiva-karnakoti,,
kar-it-nightriders,Yugandhar-5140,,
kar-it-nightriders,DeepakSarabudla,,
kar-it-nightriders,chavalisharma,,
kar-it-nightriders,surya-kantamraju,,
kar-it-nightriders,Venkatmoturi,,
kar-it-nightriders,psuryaraj,,
kar-it-nightriders,nareshakula123,,
KAR-Perf,rakesh-rameshtr,,
KAR-Perf,ramksamala2,,
KAR-Perf,sumanapakkir,,
KAR-Perf,deepikatsuresh,,
Karburetor,mwkeck,,Senior SRE Manager for KAR Global
Karburetor,oska721,oscar.reyes@karglobal.com,
Karburetor,ravi-abburi,,
Karburetor,prasanakorumilli,,
Karburetor,MichaelDep,,
Karburetor,roneillatkar,,
Karburetor,venkatakoorapati,,
Masterminds,manoj-ku,,
Masterminds,rashtra-on-git,,
Masterminds,gourav-amiti,gourav.thakur@openlane.com,Software Developer
Masterminds,Jiban050,,
Masterminds,Mittu-ParmarKAR,,
Masterminds,maheshkumarpatti,,
NOC,hemanthshivanna,,
NOC,kkalyan707,,
NOC,niccoravenna,,
NOC,karaaronreimer,,
ol-architecture,rahulanandadesa,,
ol-architecture,jitendrasindhi,,
ol-architecture,lubaeisenstein,,
ol-architecture,kasimq-ol,,
OL-BB8,aregmi001,,
OL-BB8,andrey-paunov,,Sr. Software Engineer - Mobile BB8 Team
OL-BB8,aldem-ol,,
OL-BB8,mihaelastoian,,
Ol-Bears,billal001,,
Ol-Bears,piratheep-mahent,,
Ol-Bears,gu-hunter,,
Ol-Bears,tonyyuadesa,,
Ol-Bears,divopenlane,,
Ol-Bears,mchauhan7,,
Ol-Bears,robhopkins-openlane,,
OL-CI-Testing,mwkeck,,Senior SRE Manager for KAR Global
OL-CI-Testing,gheintz,,
OL-CI-Testing,jlardizabal-adesa,,
OL-CI-Testing,svc-ol-azpipeline,,
ol-conquerors,SandipDholariya,,
ol-conquerors,himanshupareta95,,
ol-conquerors,SameekshaHegde,,
ol-conquerors,manish90453,,
ol-conquerors,Prerit-Shambharkar-ol,,
ol-data-architecture,ol-lzhang,,
ol-data-architecture,jitendrasindhi,,
ol-data-architecture,lubaeisenstein,,
OL-Development,boshu,liuboshu@gmail.com,
OL-Development,billal001,,
OL-Development,kpatel1989,katk.1989@gmail.com,"I am a Full Stack Engineer.
I enjoying coding and learning new technologies. "
OL-Development,ivald,ilya.valdman@adesa.com,
OL-Development,ratkhan,,
OL-Development,toluwole,,
OL-Development,willianribeirosouza,,
OL-Development,SandipDholariya,,
OL-Development,gbelen716,,
OL-Development,rodneypoling,,
OL-Development,mmichaels4,,Matty Michaels
OL-Development,Pbhadula,,
OL-Development,bragadeshd,,
OL-Development,NeelPrime,,
OL-Development,GinnWang,,
OL-Development,basava23,,
OL-Development,gheintz,,
OL-Development,rahulanandadesa,,
OL-Development,prasanakorumilli,,
OL-Development,aregmi001,,
OL-Development,pnp2484,,
OL-Development,karthik-mangu,,
OL-Development,jihangsun,,
OL-Development,gabriel-glenn-dmi-adesa,,
OL-Development,robinadesa,,
OL-Development,RajeshSoma009,,
OL-Development,vkamath19,,
OL-Development,venu-adesa,,
OL-Development,zsy3d,,
OL-Development,AbkumarDmi,,
OL-Development,Divyashreehariharan,,
OL-Development,ClaireNguyen-OL,,
OL-Development,Ankit2908,,
OL-Development,KrishnaranjanGS,,
OL-Development,mdtester,,
OL-Development,piratheep-mahent,,
OL-Development,SergeiKapran,,
OL-Development,gu-hunter,,
OL-Development,VeerendraSoniPS,,
OL-Development,Sijo-Cyriac,,
OL-Development,VenkateshSri,,
OL-Development,kishore-ahirwar,,
OL-Development,r053j053,,
OL-Development,prasannak2019,,
OL-Development,Cristina-Magiricu,,
OL-Development,manoj-ku,,
OL-Development,Imranol,,
OL-Development,larrycai-kar,,
OL-Development,EswarSaiGupta,,
OL-Development,aldem-ol,,
OL-Development,annelketcha,,
OL-Development,adesawcen,,
OL-Development,jonsun2008,,
OL-Development,bowu2019,,
OL-Development,MadhaviAdesa,,
OL-Development,judyzhu-adesa,,
OL-Development,saroj-priyadarshi,,"SRE, IaC, K8s"
OL-Development,ayushiagarwal101,,
OL-Development,ReddyAbhinay,,
OL-Development,liaolinda,,
OL-Development,abhilashkar,,
OL-Development,aditi-thakur,,
OL-Development,jiping-li,,
OL-Development,lukelu753,,
OL-Development,tonyyuadesa,,
OL-Development,kondaPavithra,,
OL-Development,JackZhong4Openlane,,
OL-Development,divopenlane,,
OL-Development,seanchen2019,,
OL-Development,jiangnan88,,coder
OL-Development,rwamp,,
OL-Development,zwang4openlane,,
OL-Development,jitendrasindhi,,
OL-Development,FrankWuOL,,
OL-Development,lubaeisenstein,,
OL-Development,mchauhan7,,
OL-Development,PriyankaBagal0930,,
OL-Development,JatanSoni,,
OL-Development,vijayanistala,,
OL-Development,Yoli07,,
OL-Development,DeeptiGrover,,
OL-Development,svc-ol-azpipeline,,
OL-Development,venkatakoorapati,,
OL-Development,Sunil14kumar,,
OL-Development,Naveen1997nvn,,
OL-Development,Saritha57,,
OL-Development,himanshupareta95,,
OL-Development,chethan-prabhakar,,
OL-Development,rashtra-on-git,,
OL-Development,AbhishekAnand0,,
OL-Development,JOYDIP-MUKHERJEE,,
OL-Development,DeepaSanganagoudra,,
OL-Development,PandeyJay,,
OL-Development,Sushmitha-Kumar,,
OL-Development,Chandan-Kumar1,,
OL-Development,Vidya-Prabhu,,
OL-Development,VikashRawat1,,
OL-Development,SameepPanigrahi,,
OL-Development,SameekshaHegde,,
OL-Development,sid1123,,
OL-Development,Nikunj-kumbhani,,
OL-Development,shyamalupadhya,,
OL-Development,Partha-Sarathy-visagam,,
OL-Development,sasamik,,
OL-Development,keithmyer,,Production Support Analyst for OPENLANE
OL-Development,Anu0204,,
OL-Development,ol-rkatiyar,,
OL-Development,saksham-malhotra,,
OL-Development,bhagath2020,,
OL-Development,AshokGowra,,
OL-Development,hrithik16,,
OL-Development,BasavaD,,
OL-Development,ShrutiBhavi384,,
OL-Development,Amaya-Premachandran,,
OL-Development,rajeshanandappaar,,
OL-Development,SandeepKeerthipati,,
OL-Development,KavyaKarkera,,
OL-Development,itzevan37,,
OL-Development,LaxmipriyaNayak,,
OL-Development,shwetajoshi4,,
OL-Development,syedaeliya,,Software Developer at Amiti Software Technologies Pvt. Ltd.
OL-Development,ol-mortezaebrahimi,,
OL-Development,kevinzhang-nw,,
OL-Development,OhDannyB0y,,
OL-Development,ol-Dilip,,
OL-Development,sumit-ol,,
OL-Development,AmanSingh47,,
OL-Development,shauryarana,,
OL-Development,Suvarcha,,
OL-Development,Lincey,,
OL-Development,Halaswami,,
OL-Development,shivamsharma-qa,,
OL-Development,Srinivas157,,
OL-Development,jcanimo,,
OL-Development,dinoadorKAR,,
OL-Development,anishagb,,
OL-Development,robhopkins-openlane,,
OL-Development,shashank-mishra-appdev,,
OL-Development,gourav-amiti,gourav.thakur@openlane.com,Software Developer
OL-Development,DipeshShrestha1120,,
OL-Development,divyashree12345,,
OL-Development,Jiban050,,
OL-Development,navyabellad,,
OL-Development,billchenspacex,,
OL-Development,rlwheele-dmi,,
OL-Development,Sreesha-Puthiyapura,,
OL-Development,alkasubin,,
OL-Development,shumailpasha-qa,,
OL-Development,Sumana-qa,,
OL-Development,Amithshetty20,,
OL-Development,IncharaRamu,,
OL-Development,Niranjan761,,
OL-Development,SunilGudasali,,
OL-Development,dvnp19,,
OL-Development,boreddy02,,
OL-Development,manish90453,,
OL-Development,mahekjain1,,
OL-Development,Chinmay-Gowda,,
OL-Development,anilkpalol,,It is working as coded
OL-Development,Mittu-ParmarKAR,,
OL-Development,khushisahay31,,
OL-Development,openlaneWY,,
OL-Development,maheshkumarpatti,,
OL-Development,mohd-taiyyab,,
OL-Development,anwarsyedmohammad,,
OL-Development,nirankarjaiswar,,
OL-Development,Madhava-Reddy,,
OL-Development,AmoghCR,,
OL-Development,shantanubelankar,,
OL-Development,Alex-R-KAR,,
OL-Development,Vinayak-qa,,
OL-Development,Pratiksha2525,,
OL-Development,Prerit-Shambharkar-ol,,
OL-Development,VedantDharmadhikari,,
OL-Development,YogeshTajane,,
OL-Development,kasimq-ol,,
OL-Development,chuanbaolu,,
OL-Development,sujitpradhan,,
OL-Development,hkanuredmi,,
OL-Development,ankesh-mishra04,,
OL-Development,nitesh-kumar08,,
OL-Development,prasannasurya57,,
OL-Development,VinodGAmiti,,
OL-Eagles,boshu,liuboshu@gmail.com,
OL-Eagles,michaelpage,pagem78@gmail.com,
OL-Eagles,MadhaviAdesa,,
OL-Eagles,jiping-li,,
OL-Eagles,jiangnan88,,coder
OL-Eagles,openlaneWY,,
OL-Geeks-Club,Sijo-Cyriac,,
OL-Geeks-Club,JatanSoni,,
OL-Geeks-Club,SameepPanigrahi,,
OL-Geeks-Club,Nikunj-kumbhani,,
OL-Geeks-Club,syedaeliya,,Software Developer at Amiti Software Technologies Pvt. Ltd.
OL-Geeks-Club,shantanubelankar,,
ol-gladiators,ivald,ilya.valdman@adesa.com,
ol-gladiators,gbelen716,,
ol-gladiators,Cristina-Magiricu,,
ol-gladiators,dvnp19,,
ol-gmf,ivald,ilya.valdman@adesa.com,
ol-gmf,willianribeirosouza,,
ol-gmf,Cristina-Magiricu,,
ol-gmf,liaolinda,,
ol-gmf,dinoadorKAR,,
OL-Jedi,jmhublar,,
OL-Jedi,aldem-ol,,
OL-Jedi,selcomb-ol,,
OL-Jedi,svc-ol-gitflow,,
OL-Jedi,JasonRino-KAR,,
OL-Jedi,nandu-b,,
ol-nightclub,mmichaels4,,Matty Michaels
ol-nightclub,rwamp,,
ol-nightclub,VikashRawat1,,
ol-nightclub,ol-rkatiyar,,
ol-nightclub,saksham-malhotra,,
ol-nightclub,shwetajoshi4,,
ol-nightclub,shashank-mishra-appdev,,
OL-NW-BulletTrain,aldem-ol,,
OL-NW-defcon,zmpanda,,
OL-NW-defcon,terry-ol,,
OL-NW-defcon,svc-OL-bumblebee,,
OL-NW-DeltaWings,aldem-ol,,
OL-NW-falcon,aldem-ol,,
OL-NW-GOATS,mbehnamj,,
OL-NW-GOATS,aldem-ol,,
OL-NW-Llamas,ivald,ilya.valdman@adesa.com,
OL-NW-Llamas,mayaholeman,mayaholeman@gmail.com,
OL-NW-Llamas,aldem-ol,,
OL-NW-Llamas,joshconley94,,
OL-NW-Pathfinder,vitesse,,
OL-NW-Pathfinder,Harvey368,,
OL-NW-Pathfinder,aldem-ol,,
OL-NW-Pathfinder,shyamalupadhya,,
OL-NW-Raptors,aldem-ol,,
OL-NW-readonly,aldem-ol,,
OL-NW-search,aldem-ol,,
OL-NW-Swordfish,aldem-ol,,
OL-NW-tesla,aldem-ol,,
OL-NW-UXUI,aldem-ol,,
OL-NW-Watchmen,kpatel1989,katk.1989@gmail.com,"I am a Full Stack Engineer.
I enjoying coding and learning new technologies. "
OL-NW-Watchmen,aldem-ol,,
OL-NW-Watchmen,ol-mortezaebrahimi,,
OL-NW-Watchmen,kevinzhang-nw,,
ol-payach,gbelen716,,
ol-payach,dvnp19,,
OL-PLTRAIN-LEADS,SandipDholariya,,
OL-PLTRAIN-LEADS,gbelen716,,
OL-PLTRAIN-LEADS,bragadeshd,,
OL-PLTRAIN-LEADS,venu-adesa,,
OL-PLTRAIN-LEADS,Sijo-Cyriac,,
OL-PLTRAIN-LEADS,kishore-ahirwar,,
OL-PLTRAIN-LEADS,prasannak2019,,
OL-PLTRAIN-LEADS,manoj-ku,,
OL-PLTRAIN-LEADS,adesawcen,,
OL-PLTRAIN-LEADS,rwamp,,
OL-PLTRAIN-LEADS,shyamalupadhya,,
OL-PO-SM,OhDannyB0y,,
OL-QA,rodneypoling,,
OL-QA,GinnWang,,
OL-QA,basava23,,
OL-QA,gheintz,,
OL-QA,jihangsun,,
OL-QA,RajeshSoma009,,
OL-QA,vkamath19,,
OL-QA,zsy3d,,
OL-QA,Divyashreehariharan,,
OL-QA,ClaireNguyen-OL,,
OL-QA,Ankit2908,,
OL-QA,KrishnaranjanGS,,
OL-QA,kishore-ahirwar,,
OL-QA,Cristina-Magiricu,,
OL-QA,manoj-ku,,
OL-QA,ReddyAbhinay,,
OL-QA,PriyankaBagal0930,,
OL-QA,Yoli07,,
OL-QA,svc-ol-azpipeline,,
OL-QA,Saritha57,,
OL-QA,AbhishekAnand0,,
OL-QA,DeepaSanganagoudra,,
OL-QA,PandeyJay,,
OL-QA,Sushmitha-Kumar,,
OL-QA,Chandan-Kumar1,,
OL-QA,Vidya-Prabhu,,
OL-QA,Anu0204,,
OL-QA,ol-rkatiyar,,
OL-QA,BasavaD,,
OL-QA,ShrutiBhavi384,,
OL-QA,Amaya-Premachandran,,
OL-QA,rajeshanandappaar,,
OL-QA,SandeepKeerthipati,,
OL-QA,KavyaKarkera,,
OL-QA,LaxmipriyaNayak,,
OL-QA,AmanSingh47,,
OL-QA,shauryarana,,
OL-QA,Suvarcha,,
OL-QA,Lincey,,
OL-QA,Halaswami,,
OL-QA,shivamsharma-qa,,
OL-QA,Srinivas157,,
OL-QA,jcanimo,,
OL-QA,divyashree12345,,
OL-QA,navyabellad,,
OL-QA,Sreesha-Puthiyapura,,
OL-QA,alkasubin,,
OL-QA,shumailpasha-qa,,
OL-QA,Sumana-qa,,
OL-QA,Amithshetty20,,
OL-QA,IncharaRamu,,
OL-QA,Niranjan761,,
OL-QA,SunilGudasali,,
OL-QA,Vinayak-qa,,
OL-QA,VedantDharmadhikari,,
OL-QA,YogeshTajane,,
ol-rosetta,gu-hunter,,
ol-rosetta,lukelu753,,
OL-Search,roywu1999,,
OL-Search,manoj-ku,,
OL-Search,adesawcen,,
OL-Search,jonsun2008,,
OL-Search,liaolinda,,
OL-Search,shyamalupadhya,,
OL-Shield,boshu,liuboshu@gmail.com,
OL-Shield,SergeiKapran,,
OL-Shield,mchauhan7,,
OL-Shield,anilkpalol,,It is working as coded
OL-SME,grimesjm,,
OL-SME,vitesse,,
OL-SME,michaelpage,pagem78@gmail.com,
OL-SME,roywu1999,,
OL-SME,SandipDholariya,,
OL-SME,bragadeshd,,
OL-SME,jlardizabal-adesa,,
OL-SME,venu-adesa,,
OL-SME,AbkumarDmi,,
OL-SME,SergeiKapran,,
OL-SME,gu-hunter,,
OL-SME,Sijo-Cyriac,,
OL-SME,VenkateshSri,,
OL-SME,kishore-ahirwar,,
OL-SME,r053j053,,
OL-SME,prasannak2019,,
OL-SME,manoj-ku,,
OL-SME,larrycai-kar,,
OL-SME,aldem-ol,,
OL-SME,annelketcha,,
OL-SME,alireamandegar,,
OL-SME,adesawcen,,
OL-SME,judyzhu-adesa,,
OL-SME,ReddyAbhinay,,
OL-SME,jiping-li,,
OL-SME,lukelu753,,
OL-SME,tonyyuadesa,,
OL-SME,divopenlane,,
OL-SME,mchauhan7,,
OL-SME,shyamalupadhya,,
OL-SME,svc-ol-gitflow,,
OL-SpaceX,ratkhan,,
OL-SpaceX,jihangsun,,
OL-SpaceX,Imranol,,
OL-SpaceX,larrycai-kar,,
OL-SpaceX,MadhaviAdesa,,
OL-SpaceX,judyzhu-adesa,,
OL-SpaceX,jiping-li,,
OL-SpaceX,seanchen2019,,
OL-SpaceX,jiangnan88,,coder
OL-SpaceX,FrankWuOL,,
OL-SpaceX,billchenspacex,,
OL-SpaceX,anwarsyedmohammad,,
ol-summittakers,mmichaels4,,Matty Michaels
ol-summittakers,gabriel-glenn-dmi-adesa,,
ol-summittakers,robinadesa,,
ol-summittakers,venu-adesa,,
ol-summittakers,AbkumarDmi,,
ol-summittakers,ayushiagarwal101,,
ol-summittakers,rlwheele-dmi,,
ol-summittakers,hkanuredmi,,
Ol-Supernova,VeerendraSoniPS,,
Ol-Supernova,annelketcha,,
Ol-Supernova,kondaPavithra,,
Ol-Supernova,mchauhan7,,
Ol-Supernova,openlaneWY,,
ol-swordfish,VenkateshSri,,
ol-swordfish,Sushmitha-Kumar,,
ol-swordfish,Partha-Sarathy-visagam,,
ol-swordfish,mahekjain1,,
ol-swordfish,Chinmay-Gowda,,
ol-thenightswatch,rwamp,,
ol-thenightswatch,VikashRawat1,,
ol-thenightswatch,ol-rkatiyar,,
ol-thenightswatch,saksham-malhotra,,
ol-thenightswatch,shwetajoshi4,,
ol-thenightswatch,shashank-mishra-appdev,,
OL-Titans,kishore-ahirwar,,
OL-Titans,aditi-thakur,,
OL-Titans,chethan-prabhakar,,
OL-Titans,AmoghCR,,
OL-Titans,Alex-R-KAR,,
OL-Titans,ankesh-mishra04,,
ol-transformers,venu-adesa,,
ol-vikings-scrum-team,bragadeshd,,
ol-vikings-scrum-team,r053j053,,
ol-vikings-scrum-team,EswarSaiGupta,,
ol-vikings-scrum-team,JOYDIP-MUKHERJEE,,
ol-vikings-scrum-team,shyamalupadhya,,
ol-vikings-scrum-team,bhagath2020,,
ol-vikings-scrum-team,itzevan37,,
ol-vikings-scrum-team,mohd-taiyyab,,
ol-vikings-scrum-team,sujitpradhan,,
ol-vikings-scrum-team,VinodGAmiti,,
ol-xx-workflow-approvers,willianribeirosouza,,
ol-xx-workflow-approvers,rwamp,,
ol-xx-workflow-approvers,saksham-malhotra,,
OL_Repo-Admin,mwkeck,,Senior SRE Manager for KAR Global
OL_Repo-Admin,roywu1999,,
OL_Repo-Admin,aldem-ol,,
OL_Repo-Admin,svc-ol-azpipeline,,
omnibots,zcarter68w,,
omnibots,achobany,,
omnibots,jasonRich72,,
omnibots,Sceptyre,,Here to automate the world.
omnibots,jfletcher76,,Slowly learning how the smarter people on my team make code :)
OPENLANE,grimesjm,,
OPENLANE,vitesse,,
OPENLANE,boshu,liuboshu@gmail.com,
OPENLANE,michaelpage,pagem78@gmail.com,
OPENLANE,ivald,ilya.valdman@adesa.com,
OPENLANE,jmhublar,,
OPENLANE,mwkeck,,Senior SRE Manager for KAR Global
OPENLANE,zmpanda,,
OPENLANE,roywu1999,,
OPENLANE,SandipDholariya,,
OPENLANE,mayaholeman,mayaholeman@gmail.com,
OPENLANE,Harvey368,,
OPENLANE,bragadeshd,,
OPENLANE,gheintz,,
OPENLANE,jlardizabal-adesa,,
OPENLANE,aregmi001,,
OPENLANE,ryanmcadams,,"Husband. Father. Technologist. Iraq Veteran, USMC. Giver of damns. Currently @KAR-AUTO "
OPENLANE,mbehnamj,,
OPENLANE,gabriel-glenn-dmi-adesa,,
OPENLANE,robinadesa,,
OPENLANE,vkamath19,,
OPENLANE,venu-adesa,,
OPENLANE,AbkumarDmi,,
OPENLANE,SergeiKapran,,
OPENLANE,gu-hunter,,
OPENLANE,Sijo-Cyriac,,
OPENLANE,VenkateshSri,,
OPENLANE,kishore-ahirwar,,
OPENLANE,r053j053,,
OPENLANE,prasannak2019,,
OPENLANE,manoj-ku,,
OPENLANE,andrey-paunov,,Sr. Software Engineer - Mobile BB8 Team
OPENLANE,larrycai-kar,,
OPENLANE,aldem-ol,,
OPENLANE,annelketcha,,
OPENLANE,alireamandegar,,
OPENLANE,mihaelastoian,,
OPENLANE,adesawcen,,
OPENLANE,jonsun2008,,
OPENLANE,MadhaviAdesa,,
OPENLANE,judyzhu-adesa,,
OPENLANE,ayushiagarwal101,,
OPENLANE,ReddyAbhinay,,
OPENLANE,liaolinda,,
OPENLANE,jiping-li,,
OPENLANE,lukelu753,,
OPENLANE,tonyyuadesa,,
OPENLANE,KiranYarrapotu,,
OPENLANE,divopenlane,,
OPENLANE,jiangnan88,,coder
OPENLANE,mchauhan7,,
OPENLANE,svc-ol-azpipeline,,
OPENLANE,SameepPanigrahi,,
OPENLANE,Nikunj-kumbhani,,
OPENLANE,meganmarket,,
OPENLANE,shyamalupadhya,,
OPENLANE,terry-ol,,
OPENLANE,selcomb-ol,,
OPENLANE,svc-ol-gitflow,,
OPENLANE,OhDannyB0y,,
OPENLANE,joshconley94,,
OPENLANE,svc-OL-bumblebee,,
OPENLANE,JasonRino-KAR,,
OPENLANE,shashank-mishra-appdev,,
OPENLANE,rlwheele-dmi,,
OPENLANE,manish90453,,
OPENLANE,anilkpalol,,It is working as coded
OPENLANE,khushisahay31,,
OPENLANE,openlaneWY,,
OPENLANE,anwarsyedmohammad,,
OPENLANE,nirankarjaiswar,,
OPENLANE,nandu-b,,
OPENLANE,Prerit-Shambharkar-ol,,
OPENLANE,chuanbaolu,,
OPENLANE,sujitpradhan,,
PAR,bonhamcm,,
PAR,mwkeck,,Senior SRE Manager for KAR Global
PAR,jayanth4146,,
PAR,MullaiGowthaman,,
PAR,Chodipalli,,
PAR,kmaroju,,
PAR,anuradha-yarrapotu,,
PAR,SrikanthKanaparthi,,
PAR,nathanharris10,,
PAR,SwathiSurisetti,,
PAR,RealZackZ,,
PAR,SVC-GithubKAR,,
PAR,par-gitautomation,,
PAR,Brian-Baker,,
PAR,myers-mike,,
PAR,pranavghosh285,,
PAR,KhaibarSalim,,
PAR,hansenbc,,
PAR,rajeshvadadi,,
PAR,ushayerrapu,,
PAR-Automation,MullaiGowthaman,,
PAR-Automation,SwathiSurisetti,,
PAR-Automation,par-gitautomation,,
PAR-CleanSlate,MullaiGowthaman,,
PAR-CleanSlate,par-gitautomation,,
PAR-Dev,bonhamcm,,
PAR-Dev,jayanth4146,,
PAR-Dev,MullaiGowthaman,,
PAR-Dev,kmaroju,,
PAR-Dev,anuradha-yarrapotu,,
PAR-Dev,SrikanthKanaparthi,,
PAR-Dev,nathanharris10,,
PAR-Dev,SwathiSurisetti,,
PAR-Dev,RealZackZ,,
PAR-Dev,par-gitautomation,,
PAR-Dev,KhaibarSalim,,
PAR-Dev,ushayerrapu,,
PAR-Dev-Compliance,MullaiGowthaman,,
PAR-Dev-Compliance,nathanharris10,,
PAR-Dev-Compliance,par-gitautomation,,
PAR-Dev-Reporting,MullaiGowthaman,,
PAR-Dev-Reporting,par-gitautomation,,
PAR-Dev-Title,nathanharris10,,
PAR-Dev-Title,par-gitautomation,,
PAR-DevOps,MullaiGowthaman,,
PAR-DevOps,Chodipalli,,
PAR-DevOps,Brian-Baker,,
PAR-DevOps,hansenbc,,
PAR-DevOps,rajeshvadadi,,
PAR-IT-ADMIN,Brian-Baker,,
PAR-IT-ADMIN,rajeshvadadi,,
PAR-Lead-Developer,MullaiGowthaman,,
PAR-Lead-Developer,anuradha-yarrapotu,,
PAR-Lead-Developer,nathanharris10,,
PAR-Portal-Merge,SrikanthKanaparthi,,
par-test,SVC-GithubKAR,,
Pattern Library Evangelists,jbretzadesa,,
Pattern Library Evangelists,kdmessnerContractor,,
Polaris,Pbhadula,,
Polaris,bragadeshd,,
Polaris,vijayanistala,,
Polaris,shyamalupadhya,,
Polaris,hrithik16,,
Polaris,boreddy02,,
Polaris,Madhava-Reddy,,
Prolifics,hondab,,
Prolifics,karthik-mangu,,
Prolifics,venkatakoorapati,,
Prolifics,ppokala,,Welcome to Prolifics World
Prolifics,SriharshiniPendru,,
Prolifics,NagarjunaSriramoju,,
Prolifics,venkatasattibabu,,
Prolifics,prasadvadnala,,
Prolifics,sandhyarani39,,
Prolifics,kalyaang,,
psft-team,charvey45,charvey45@gmail.com,
psft-team,tmoe3,,
psft-team,mfrigo,,
PS_Devs,toluwole,,
PS_Devs,mdtester,,
PS_Devs,VeerendraSoniPS,,
PS_Devs,JackZhong4Openlane,,
PS_Devs,zwang4openlane,,
PS_Devs,Sunil14kumar,,
PS_Devs,keithmyer,,Production Support Analyst for OPENLANE
PS_Devs,Pratiksha2525,,
recon-core-team,flaviohmarques,flaviohenriquemarques@gmail.com,
recon-core-team,eric-marunde,,
recon-core-team,rafaeltanajura,,
recon-core-team,arthursouzakar,,
RHConsulting,bcconradt,,
scm,mwkeck,,Senior SRE Manager for KAR Global
scm,rodneypoling,,
scm,bcconradt,,
scm,reevesbr,,
SDET,namnt14,,
SDET,mtulasi,,
SDET,qaraj19,,
SDET,rakesh-rameshtr,,
SDET,jithintraderev,,
SDET,AnirudhPrayagaTR,,
se-apphosting,saroj-priyadarshi,,"SRE, IaC, K8s"
SF-COE,grimesjm,,
SF-COE,atokayev,,
SF-COE,terenceloTR,,
SF-COE,ryanmcadams,,"Husband. Father. Technologist. Iraq Veteran, USMC. Giver of damns. Currently @KAR-AUTO "
SF-COE,laharijn,,
SF-COE,deepthivs,,
SF-COE,pavanraj5639,,
SF-COE,nilam2022,,
SiteServices,oska721,oscar.reyes@karglobal.com,
SiteServices,kamalbabu-subramani,,
SiteServices,SteveHumphrey,,
SiteServices,tz55lj,,KAR-IT
SiteServices,sspinola,,
SiteServices,cbrabham,,
SiteServices,toddbeedyadesa,,
SiteServices,alvinsmith305,,
SiteServices,dputnam89,,
sre-galaxian,mvanemmerik,mvanemmerik@me.com,
sre-galaxian,rch317,,"DumpOps engineer by day, rock guitarist by night. Couch potato, always."
sre-galaxian,gheintz,,
sre-galaxian,karthik-mangu,,
sre-galaxian,saroj-priyadarshi,,"SRE, IaC, K8s"
sre-galaxian,DeeptiGrover,,
sre-galaxian,venkatakoorapati,,
sre-galaxian,harryskar,,
SRE-Hemi,oska721,oscar.reyes@karglobal.com,
SRE-Hemi,kamalbabu-subramani,,
SRE-Hemi,ravi-abburi,,
SRE-Hemi,prasanakorumilli,,
SRE-Hemi,karthik-mangu,,
SRE-Hemi,MichaelDep,,
SRE-Hemi,roneillatkar,,
SRE-Hemi,Jeff-Garner,,
sre-highlander,Bhasvanth,,
sre-highlander,manubalasree,,
sre-highlander,abhilashkar,,
sre-highlander,tr-fernandocunha,,
sre-highlander,tr-marc-tucciarone,,
sre-highlander,tr-srij,,
sre-highlander,VictorHanKAR,,
sre-highlander,mitishapatel-karglobal,,
sre-jedi,mdaize,,Welcome!
sre-jedi,MarcosOps,,
sre-jedi,primuse,,Site Reliability Engineer
sre-jedi,azamsiddiqi3791,,
sre-jedi,aldem-ol,,
sre-jedi,selcomb-ol,,
sre-jedi,azhang413,,Honours Math Student at University of Waterloo
sre-kickapoo,MordecuS44,,
sre-kickapoo,prasanakorumilli,,
sre-kickapoo,aj-0x616a,,
sre-kickapoo,roneillatkar,,
sre-kickapoo,JieSun2014,,
sre-kickapoo,sid1123,,
sre-kickapoo,algalabe,,
sre-kickapoo,phegyesKAR,,
sre-kickapoo,KhanAwa1,,
sre-pacman,gswallow,gswallow@gmail.com,I'm not very good at this.
sre-pacman,jmhublar,,
sre-pacman,mwkeck,,Senior SRE Manager for KAR Global
sre-pacman,kartsm,,
sre-pacman,MJtheDBA,,
sre-pacman,pacmanjenkins,,
sre-pacman,svc-ol-azpipeline,,
sre-pacman,JasonRino-KAR,,
sre-pacman,nandu-b,,
sre-pacman,TinaTurgaeva,,
sre-pacman,jzhen22,,
SvcOps,jmhublar,,
SvcOps,mwkeck,,Senior SRE Manager for KAR Global
SvcOps,dorseytc,,"Long time listener, first time caller"
SvcOps,rodneypoling,,
SvcOps,bcconradt,,
SvcOps,gheintz,,
SvcOps,ryanmcadams,,"Husband. Father. Technologist. Iraq Veteran, USMC. Giver of damns. Currently @KAR-AUTO "
TDD,gabriel-glenn-dmi-adesa,,
TDD,robinadesa,,
TDD,venu-adesa,,
TDD,AbkumarDmi,,
TDD,ayushiagarwal101,,
tr-sre,mdaize,,Welcome!
tr-sre,Bhasvanth,,
tr-sre,manubalasree,,
tr-sre,MarcosOps,,
tr-sre,primuse,,Site Reliability Engineer
tr-sre,azamsiddiqi3791,,
tr-sre,aldem-ol,,
tr-sre,abhilashkar,,
tr-sre,tr-fernandocunha,,
tr-sre,tr-marc-tucciarone,,
tr-sre,tr-srij,,
tr-sre,selcomb-ol,,
tr-sre,svc-traderevazusr,,
tr-sre,reevesbr,,
tr-sre,svc-kar-tso-azusr,,
tr-sre,mitishapatel-karglobal,,
TradeRev,mdaize,,Welcome!
TradeRev,namnt14,,
TradeRev,mtulasi,,
TradeRev,qaraj19,,
TradeRev,rakesh-rameshtr,,
TradeRev,jithintraderev,,
TradeRev,AnirudhPrayagaTR,,
TSO,mvanemmerik,mvanemmerik@me.com,
TSO,mdaize,,Welcome!
TSO,gswallow,gswallow@gmail.com,I'm not very good at this.
TSO,Bhasvanth,,
TSO,jmhublar,,
TSO,mwkeck,,Senior SRE Manager for KAR Global
TSO,manubalasree,,
TSO,rch317,,"DumpOps engineer by day, rock guitarist by night. Couch potato, always."
TSO,kartsm,,
TSO,MJtheDBA,,
TSO,MarcosOps,,
TSO,primuse,,Site Reliability Engineer
TSO,gheintz,,
TSO,azamsiddiqi3791,,
TSO,MordecuS44,,
TSO,prasanakorumilli,,
TSO,karthik-mangu,,
TSO,pacmanjenkins,,
TSO,aldem-ol,,
TSO,aj-0x616a,,
TSO,saroj-priyadarshi,,"SRE, IaC, K8s"
TSO,abhilashkar,,
TSO,roneillatkar,,
TSO,JieSun2014,,
TSO,tr-fernandocunha,,
TSO,tr-marc-tucciarone,,
TSO,DeeptiGrover,,
TSO,svc-ol-azpipeline,,
TSO,venkatakoorapati,,
TSO,sid1123,,
TSO,tr-srij,,
TSO,selcomb-ol,,
TSO,azhang413,,Honours Math Student at University of Waterloo
TSO,JasonRino-KAR,,
TSO,svc-traderevazusr,,
TSO,reevesbr,,
TSO,nandu-b,,
TSO,svc-kar-tso-azusr,,
TSO,harryskar,,
TSO,algalabe,,
TSO,phegyesKAR,,
TSO,KhanAwa1,,
TSO,TinaTurgaeva,,
TSO,VictorHanKAR,,
TSO,jzhen22,,
TSO,mitishapatel-karglobal,,
Tycoons,manoj-ku,,
Tycoons,ReddyAbhinay,,
Tycoons,AshokGowra,,
Tycoons,ol-Dilip,,
Tycoons,sumit-ol,,
Tycoons,DipeshShrestha1120,,
Tycoons,prasannasurya57,,
voltron,SteveHumphrey,,
voltron,cbrabham,,
voltron,aj-0x616a,,
voltron,Yugandhar-5140,,
voltron,zcarter68w,,
voltron,achobany,,
voltron,jasonRich72,,
voltron,Sceptyre,,Here to automate the world.
voltron,jfletcher76,,Slowly learning how the smarter people on my team make code :)
voltron,nilesh-bhavsar,,
voltron,paulkud,,Site Reliability Engineer
